รายการ,สไตล์,หมวด,ราคา (บาท),หน่วย,ตัวเลือก,แท็ก
น้ำพริกกะปิ - ผักสด ผักชุบแป้งทอด,ไทย,น้ำพริก - ผัก,300,ชุด,,
น้ำพริกลงเรือ - ผักสด ผักต้ม ไข่ต้ม,ไทย,น้ำพริก - ผัก,350,ชุด,,
น้ำพริกหมูโคราช - ผักสด ผักต้ม,ไทย,น้ำพริก - ผัก,350,ชุด,,
น้ำพริกไข่เค็ม - ผักสด ผักต้ม,ไทย,น้ำพริก - ผัก,300,ชุด,,
น้ำพริกคั่วกลิ้ง - ผักสด,ไทย,น้ำพริก - ผัก,350,ชุด,,
น้ำพริกปลาสด - ผักสด ผักต้ม,ไทย,น้ำพริก - ผัก,350,ชุด,,
หลนปูเค็ม - ผักสด,ไทย,น้ำพริก - ผัก,350,ชุด,,
หลนเต้าเจี้ยว - ผักสด,ไทย,น้ำพริก - ผัก,350,ชุด,,
ไข่เจียวหมูสับ,ไทย,ของทอด,200,จาน,,
ไข่เจียวสมุนไพร,ไทย,ของทอด,200,จาน,,
ทอดมัน,ไทย,ของทอด,400,จาน,หมู / ไก่,
ทอดมันกุ้ง,ไทย,ของทอด,450,จาน,,
หมูทอดกระเทียม,ไทย,ของทอด,400,จาน,,
ไก่ทอดกระเทียม,ไทย,ของทอด,400,จาน,,
ไก่ทอดเกลือ,ไทย,ของทอด,400,จาน,,
ไก่ทอดน้ำปลา,ไทย,ของทอด,400,จาน,,
ไส้กรอกอีสานทอด,ไทย,ของทอด,400,จาน,,
คั่วไก่โคราช,ไทย,ผัด - คั่ว,400,จาน,,
คั่วหมี่โคราช,ไทย,ผัด - คั่ว,400,จาน,,
ผัดกะเพรา,ไทย,ผัด - คั่ว,350,จาน,หมู / ไก่,
ผัดกะเพราทะเล,ไทย,ผัด - คั่ว,450,จาน,,
ผัดพริกแกง,ไทย,ผัด - คั่ว,350,จาน,หมู / ไก่,
ผัดพริกขิง,ไทย,ผัด - คั่ว,400,จาน,หมู / ไก่,
ผัดเปรี้ยวหวาน,ไทย,ผัด - คั่ว,400,จาน,หมู / ไก่,
ผัดพริกเผา,ไทย,ผัด - คั่ว,400,จาน,หมู / ไก่,
ผัดพริกหยวก,ไทย,ผัด - คั่ว,350,จาน,หมู / ไก่,
ผัดฉ่าทะเล,ไทย,ผัด - คั่ว,450,จาน,,
ผัดขี้เมา,ไทย,ผัด - คั่ว,400,จาน,หมู / ไก่,
ผัดขี้เมาทะเล,ไทย,ผัด - คั่ว,450,จาน,,
ผัดผักรวมมิตร,ไทย,ผัด - คั่ว,350,จาน,,
ผัดคะน้าน้ำมันหอย,ไทย,ผัด - คั่ว,350,จาน,,
ผัดเห็ดสามอย่างโหระพา,ไทย,ผัด - คั่ว,350,จาน,,
กะหล่ำปลีผัดน้ำปลา,ไทย,ผัด - คั่ว,350,จาน,,
เนื้อปลาผัดขึ้นฉ่าย,ไทย,ผัด - คั่ว,550,จาน,,
เนื้อปลาผัดพริกไทยดำ,ไทย,ผัด - คั่ว,550,จาน,,
ไก่ผัดเม็ดมะม่วงหิมพานต์,ไทย,ผัด - คั่ว,400,จาน,,
ยำวุ้นเส้น,ไทย,ตำ - ยำ,350,จาน,,
ยำหมูยอ,ไทย,ตำ - ยำ,350,จาน,,
ยำรวมมิตรทะเล,ไทย,ตำ - ยำ,450,จาน,,
ยำก้านคะน้ากุ้งสด,ไทย,ตำ - ยำ,450,จาน,,
ยำมะเขือยาวกุ้งสด,ไทย,ตำ - ยำ,450,จาน,,
ยำถั่วพูกุ้งสด,ไทย,ตำ - ยำ,450,จาน,,
พล่ากุ้ง,ไทย,ตำ - ยำ,450,จาน,,
กุ้งแช่น้ำปลา,ไทย,ตำ - ยำ,450,จาน,,
หมูมะนาว,ไทย,ตำ - ยำ,350,จาน,,
ลาบหมู,ไทย,ตำ - ยำ,400,จาน,,
น้ำตกหมู,ไทย,ตำ - ยำ,400,จาน,,
ส้มตำไทย,ไทย,ตำ - ยำ,150,จาน,,
ส้มตำลาว,ไทย,ตำ - ยำ,150,จาน,,
ส้มตำโคราช,ไทย,ตำ - ยำ,150,จาน,,
แกงจืดเต้าหู้หมูสับ,ไทย,ต้ม - แกง,400,หม้อ,,
ต้มยำ,ไทย,ต้ม - แกง,400,หม้อ,หมู / ไก่,
ต้มยำทะเล,ไทย,ต้ม - แกง,550,หม้อ,,
โป๊ะแตกทะเล,ไทย,ต้ม - แกง,550,หม้อ,,
ต้มแซ่บซี่โครงอ่อน,ไทย,ต้ม - แกง,450,หม้อ,,
ต้มแซ่บหมู,ไทย,ต้ม - แกง,400,หม้อ,,
ต้มข่าไก่,ไทย,ต้ม - แกง,450,หม้อ,,
แกงเขียวหวาน,ไทย,ต้ม - แกง,450,หม้อ,,
แกงเลียงกุ้งสด,ไทย,ต้ม - แกง,550,หม้อ,,
แกงส้มเนื้อปลาช่อนทอด,ไทย,ต้ม - แกง,550,หม้อ,,
แกงเปรอะอีสาน,ไทย,ต้ม - แกง,350,หม้อ,,
ข้าวผัด,ไทย,จานเดียว,60,จาน,หมู / ไก่,
ข้าวผัดกุ้ง,ไทย,จานเดียว,80,จาน,,
ข้าวผัดกะเพรา,ไทย,จานเดียว,60,จาน,หมู / ไก่,
ข้าวผัดกะเพรา,ไทย,จานเดียว,80,จาน,กุ้ง / ทะเล,
ข้าวหมูทอดกระเทียม,ไทย,จานเดียว,60,จาน,,
ข้าวไก่ทอดกระเทียม,ไทย,จานเดียว,60,จาน,,
ข้าวผัดพริกแกง,ไทย,จานเดียว,60,จาน,หมู / ไก่,
เส้นหมี่ราดหน้าหมู,ไทย,จานเดียว,70,จาน,,
เส้นหมี่ราดหน้าทะเล,ไทย,จานเดียว,90,จาน,,
ข้าวต้มหมู,ไทย,จานเดียว,60,จาน,,
ข้าวต้ม,ไทย,จานเดียว,80,จาน,กุ้ง / ปลา,
เฉาก๊วย,ไทย,ของหวาน,300,ชุด,,
ทับทิมกรอบ,ไทย,ของหวาน,300,ชุด,,
สาคูแคนตาลูป,ไทย,ของหวาน,350,ชุด,,
เต้าฮวยฟรุ๊ตสลัด,ไทย,ของหวาน,350,ชุด,,
ผลไม้กระป๋อง,ไทย,ของหวาน,350,ชุด,,
ผลไม้รวม,ไทย,ของหวาน,300,ชุด,,
เก็กฮวยเย็น,ไทย,เครื่องดื่ม,120,รายการ,,
น้ำเปล่า,ไทย,เครื่องดื่ม,20,รายการ,,
น้ำอัดลม,ไทย,เครื่องดื่ม,20 / 50,รายการ,,
โซดา,ไทย,เครื่องดื่ม,25,รายการ,,
เบียร์ไฮเนเก้น,ไทย,เครื่องดื่ม,120,รายการ,,
เบียร์สิงห์,ไทย,เครื่องดื่ม,120,รายการ,,
เบียร์ลีโอ,ไทย,เครื่องดื่ม,90,รายการ,,
เบียร์ช้าง,ไทย,เครื่องดื่ม,90,รายการ,,
สปาย,ไทย,เครื่องดื่ม,60,รายการ,,
น้ำแข็ง,ไทย,เครื่องดื่ม,40,รายการ,,
