ชุด,สไตล์,ราคาต่อโต๊ะ (บาท),ที่นั่ง,เครื่องดื่ม,รายการอาหาร,หมายเหตุ
ชุดอาหารไทย A,ไทย,2500,10 ที่,"น้ำเปล่า, เก๊กฮวย, น้ำแข็ง",น้ำพริกไข่เค็ม - ผักสด | ปลาทับทิมราดพริกสามรส | ทอดมันปลากราย | ผัดผักสี่สหาย | แกงมัสมั่นไก่ | เต้าหู้ไข่ทรงเครื่อง | ข้าวหอมมะลิ | ผลไม้รวม,เมนูห้องอาหารสุพรรณหงส์
ชุดอาหารไทย B,ไทย,2500,10 ที่,"น้ำเปล่า, เก๊กฮวย, น้ำแข็ง",หลนเต้าเจี้ยว - ผักสด | ปลาทับทิมผัดขึ้นฉ่าย | ถั่วลันเตาผัดเห็ดฟาง | ไก่ตุ๋นฟักมะนาวดอง | ห่อหมกหมูใบยอ | ยำไก่ยอ | ข้าวหอมมะลิ | ผลไม้รวม,เมนูห้องอาหารสุพรรณหงส์
ชุดอาหารไทย C,ไทย,2500,10 ที่,"น้ำเปล่า, เก๊กฮวย, น้ำแข็ง",น้ำพริกลงเรือ - ผักสด | ปลาทับทิมผัดฉ่า | ไก่ทอดเกลือ | ผัดเห็ดสามอย่างโหระพา | แกงเขียวหวานลูกชิ้นปลา | หมูผัดพริกไทยดำ | ข้าวหอมมะลิ ขนมจีน | ผลไม้รวม,เมนูห้องอาหารสุพรรณหงส์
ชุดอาหารไทย D,ไทย,2500,10 ที่,"น้ำเปล่า, เก๊กฮวย, น้ำแข็ง",น้ำพริกไข่เค็ม - ผักสด | ลูกชิ้นกุ้งผัดบร็อคโคลี | แกงส้มปลาทอดผักรวม | ผัดผักสี่สหาย | แพนงหมู หรือไก่ | ห่อหมกหมูใบยอ | ข้าวหอมมะลิ | ผลไม้รวม,เมนูห้องอาหารสุพรรณหงส์
ชุดอาหารไทย E,ไทย,2500,10 ที่,"น้ำเปล่า, เก๊กฮวย, น้ำแข็ง",หลนเต้าเจี้ยว - ผักสด | ปลาทับทิมผัดขึ้นฉ่าย | ถั่วลันเตาผัดเห็ดฟาง | ต้มไก่ใบมะขามอ่อน | แกงเขียวหวานลูกชิ้นปลา | ลาบหมูทอด | ข้าวหอมมะลิ ขนมจีน | ผลไม้รวม,เมนูห้องอาหารสุพรรณหงส์
ชุดอาหารไทย F,ไทย,2500,10 ที่,"น้ำเปล่า, เก๊กฮวย, น้ำแข็ง",น้ำพริกลงเรือ - ผักสด | ผัดพริกขิงหมู | ไก่ทอดเกลือ | ผัดเห็ดสามอย่างโหระพา | แกงเลียงผักรวมกุ้งสด | ไข่ลูกเขย | ข้าวหอมมะลิ | ผลไม้รวม,เมนูห้องอาหารสุพรรณหงส์
ชุดอาหารไทยประชุม A,ไทย,2000,,"น้ำดื่ม, น้ำแข็ง",น้ำพริกกะปิ - ผักต้ม | กะหล่ำปลีผัดน้ำปลา | ไข่เจียวสมุนไพร | ปลาทับทิมราดซอส 3 รส | ต้มแซ่บหมู | หมูผัดเปรี้ยวหวาน | ข้าวสวย | ผลไม้รวม,ชุดอาหารไทยสำหรับงานประชุม สัมมนา
ชุดอาหารไทยประชุม B,ไทย,2000,,"น้ำดื่ม, น้ำแข็ง",หลนเต้าเจี้ยว - ผักสด | ปลาดุกทอดกรอบผัดเผ็ด | ไข่เจียวสมุนไพร | ต้มจืดซี่โครงหมู | ยำรวมมิตร | ไก่ผัดพริกไทยดำ | ข้าวสวย | ผลไม้รวมตามฤดูกาล,ชุดอาหารไทยสำหรับงานประชุม สัมมนา
ชุดอาหารไทยประชุม C,ไทย,2000,,"น้ำดื่ม, น้ำแข็ง",น้ำพริกหมูโคราช - ผักสด | ผัดเห็ดสามอย่างโหระพา | ปลาทับทิมผัดฉ่า | แกงเลียงผักรวม | ไข่เจียวสมุนไพร | หมูคลุกฝุ่น | ข้าวสวย | ผลไม้รวม,ชุดอาหารไทยสำหรับงานประชุม สัมมนา
