รายการ,ประเภท,ราคา (บาท)
ข้าวผัดหมู / ไก่,จานเดียว,60
ข้าวผัดกุ้ง,จานเดียว,80
ข้าวผัดกะเพราหมู / ไก่,จานเดียว,60
ข้าวผัดกะเพรากุ้ง / ทะเล,จานเดียว,80
ข้าวหมู / ไก่ทอดกระเทียม,จานเดียว,60
ข้าวผัดพริกแกงหมู / ไก่,จานเดียว,60
เส้นหมี่ราดหน้าหมู,จานเดียว,70
เส้นหมี่ราดหน้าทะเล,จานเดียว,90
ข้าวต้มหมู,จานเดียว,60
ข้าวต้มกุ้ง/ ปลา,จานเดียว,80
น้ำพริกกะปิ - ผักสด ผักชุบแป้งทอด,น้ำพริก-ผัก,300
น้ำพริกลงเรือ - ผักสด ผักต้ม ไข่ต้ม,น้ำพริก-ผัก,350
น้ำพริกหมูโคราช - ผักสด ผักต้ม,น้ำพริก-ผัก,350
น้ำพริกไข่เค็ม - ผักสด ผักต้ม,น้ำพริก-ผัก,300
น้ำพริกคั่วกลิ้ง - ผักสด,น้ำพริก-ผัก,350
น้ำพริกปลาสด - ผักสด ผักต้ม,น้ำพริก-ผัก,350
หลนปูเค็ม - ผักสด,น้ำพริก-ผัก,350
หลนเต้าเจี้ยว - ผักสด,น้ำพริก-ผัก,350
ไข่เจียวหมูสับ,ของทอด,200
ไข่เจียวสมุนไพร,ของทอด,200
ทอดมันหมู / ไก่,ของทอด,400
ทอดมันกุ้ง,ของทอด,450
หมู / ไก่ทอดกรกระเทียม,ของทอด,400
ไก่ทอดเกลือ,ของทอด,400
ไก่ทอดน้ำปลา,ของทอด,400
ไส้กรอกอีสานทอด,ของทอด,400
คั่วไก่โคราช,ผัด - คั่ว,400
คั่วหมี่โคราช,ผัด - คั่ว,400
ผัดกะเพราหมู / ไก่,ผัด - คั่ว,350
ผัดกะเพราทะเล,ผัด - คั่ว,450
ผัดพริกแกงหมู / ไก่,ผัด - คั่ว,350
ผัดพริกขิงหมู / ไก่,ผัด - คั่ว,400
ผัดเปรี้ยวหวานหมู / ไก่,ผัด - คั่ว,400
ผัดพริกเผาหมู / ไก่,ผัด - คั่ว,400
ผัดพริกหยวกหมู / ไก่,ผัด - คั่ว,350
ผัดฉ่าทะเล,ผัด - คั่ว,450
ผัดขี้เมาหมู / ไก่,ผัด - คั่ว,400
ผัดขี้เมาทะเล,ผัด - คั่ว,450
ผัดผักรวมมิตร,ผัด - คั่ว,350
ผัดคะน้าน้ำมันหอย,ผัด - คั่ว,350
ผัดเห็ดสามอย่างโหระพา,ผัด - คั่ว,350
กะหล่ำปลีผัดน้ำปลา,ผัด - คั่ว,350
เนื้อปลาผัดขึ้นฉ่าย,ผัด - คั่ว,550
เนื้อปลาผัดพริกไทยดำ,ผัด - คั่ว,550
ไก่ผัดเม็ดมะม่วงหิมพานต์,ผัด - คั่ว,400
ยำวุ้นเส้น,ตำ - ยำ,350
ยำหมูยอ,ตำ - ยำ,350
ยำรวมมิตรทะเล,ตำ - ยำ,450
ยำก้านคะน้ากุ้งสด,ตำ - ยำ,450
ยำมะเขือยาวกุ้งสด,ตำ - ยำ,450
ยำถั่วพูกุ้งสด,ตำ - ยำ,450
พล่ากุ้ง,ตำ - ยำ,450
กุ้งแช่น้ำปลา,ตำ - ยำ,450
หมูมะนาว,ตำ - ยำ,350
ลาบหมู,ตำ - ยำ,400
น้ำตกหมู,ตำ - ยำ,400
ส้มตำไทย,ตำ - ยำ,150
ส้มตำลาว,ตำ - ยำ,150
ส้มตำโคราช,ตำ - ยำ,150
เฉาก๊วย,ของหวาน,300
ทับทิมกรอบ,ของหวาน,300
สาคูแคนตาลูป,ของหวาน,350
เต้าฮวยฟรุ๊ตสลัด,ของหวาน,350
ผลไม้กระป๋อง,ของหวาน,350
ผลไม้รวม,ของหวาน,300
แกงจืดเต้าหู้หมูสับ,ต้ม - แกง,400
ต้มยำหมู / ไก่,ต้ม - แกง,400
ต้มยำทะเล,ต้ม - แกง,550
โป๊ะแตกทะเล,ต้ม - แกง,550
ต้มแซ่บซี่โครงอ่อน,ต้ม - แกง,450
ต้มแซ่บหมู,ต้ม - แกง,400
ต้มข่าไก่,ต้ม - แกง,450
แกงเขียวหวาน,ต้ม - แกง,450
แกงเลียงกุ้งสด,ต้ม - แกง,550
แกงส้มเนื้อปลาช่อนทอด,ต้ม - แกง,550
แกงเปรอะอีสาน,ต้ม - แกง,350
เก็กฮวยเย็น,เครื่องดื่ม,120
น้ำเปล่า,เครื่องดื่ม,20
น้ำอัดลม,เครื่องดื่ม,20 / 50
โซดา,เครื่องดื่ม,25
เบียร์ไฮเนเก้น,เครื่องดื่ม,120
เบียร์สิงห์,เครื่องดื่ม,120
เบียร์ลีโอ,เครื่องดื่ม,90
เบียร์ช้าง,เครื่องดื่ม,90
สปาย,เครื่องดื่ม,60
น้ำแข็ง,เครื่องดื่ม,40